Designator,Mid X,Mid Y,Rotation,Layer
BT5,141.425,-92.675,180.0,bottom
C1,128.14,-99.04,270.0,top
C10,146.2925,-127.12,0.0,top
C11,122.29,-114.11,90.0,top
C12,126.28,-106.43,180.0,top
C13,126.3,-112.6,180.0,top
C14,123.24,-83.03,0.0,top
C15,117.26,-90.82,180.0,top
C16,121.08,-90.27,270.0,top
C17,121.1,-84.44,90.0,top
C18,132.335,-90.4,180.0,top
C2,137.06,-87.09,0.0,top
C22,153.875,-100.0,180.0,top
C23,147.79,-100.0,180.0,top
C24,112.31,-72.89,90.0,top
C25,130.44,-57.08,90.0,top
C26,132.34,-87.08,180.0,top
C27,128.88,-89.59,270.0,top
C28,151.57,-57.8,90.0,top
C29,121.12,-87.61,90.0,top
C3,136.22,-114.54,135.0,top
C34,158.02,-70.72,270.0,top
C35,161.33,-70.68,270.0,top
C36,164.82,-70.67,270.0,top
C37,124.4,-131.94,90.0,top
C38,111.11,-134.04,90.0,top
C39,117.2,-127.76,90.0,top
C4,145.55,-112.18,315.0,top
C40,119.53,-133.01,0.0,top
C41,110.02,-134.01,90.0,top
C42,114.75,-136.04,0.0,top
C43,114.77,-140.23,0.0,top
C44,114.75,-141.42,0.0,top
C45,105.51,-133.28,270.0,top
C46,148.76,-109.38,90.0,top
C47,111.556048,-135.776048,135.0,top
C48,109.966048,-137.276048,135.0,top
C49,136.42,-111.9,225.0,top
C5,138.22,-116.8,315.0,top
C50,141.12,-119.45,0.0,top
C51,119.49,-131.92,0.0,top
C52,161.23,-102.86,0.0,top
C53,152.74,-123.800301,180.0,top
C54,169.15,-128.95,180.0,top
C55,123.015,-103.0,180.0,top
C56,125.37,-121.92,90.0,top
C57,158.3,-102.38,90.0,top
C58,156.69,-74.98,90.0,top
C59,153.88,-78.19,270.0,top
C6,135.27,-119.66,315.0,top
C60,155.33,-78.21,270.0,top
C61,153.11,-73.35,180.0,top
C62,155.15,-126.090301,270.0,top
C63,117.26,-116.82,180.0,top
C64,118.37,-110.31,180.0,top
C65,133.17,-113.32,90.0,top
C66,116.14,-127.76,90.0,top
C67,160.3,-83.31,0.0,top
C68,160.325,-75.17,180.0,top
C69,147.26,-75.44,270.0,top
C7,137.08,-90.4,0.0,top
C8,123.035,-104.59,180.0,top
C9,148.38,-124.58,90.0,top
D1,118.91,-86.93,270.0,top
D2,140.5675,-57.38,180.0,top
D3,154.94,-82.9125,270.0,top
D4,121.715,-98.59,90.0,top
D5,147.51,-69.2275,90.0,top
D6,149.87,-69.22,90.0,top
ESP32_USB1,130.0,-145.2125,0.0,top
FB1,136.423153,-117.886847,225.0,top
FB2,114.29,-138.13,270.0,top
J1,171.03,-142.86,0.0,top
J2,108.82,-142.03,0.0,top
J3,172.75,-50.31,90.0,top
J4,112.03,-50.03,90.0,top
J5,141.0775,-50.99,180.0,top
JP1,111.665,-57.41,0.0,top
JP2,111.68,-54.78,0.0,top
JP3,111.645,-60.22,0.0,top
JP4,119.705,-54.79,180.0,top
JP5,119.72,-57.44,180.0,top
JP6,119.7,-60.22,180.0,top
JP7,122.55,-109.05,90.0,top
JP8,140.4,-145.48,270.0,top
JP9,140.42,-141.74,90.0,top
L1,125.39,-75.46,90.0,top
L2,110.96,-136.78,45.0,top
L3,125.905,-101.25,270.0,top
Q10,169.3254,-72.169999,90.0,top
Q11,139.6294,-66.115001,270.0,top
Q14,133.47,-66.31,0.0,top
Q3,154.225,-95.155,90.0,top
Q4,146.635,-88.925,270.0,top
Q5,154.115,-88.86,90.0,top
Q6,146.575,-95.225,270.0,top
Q9,169.2454,-68.149999,90.0,top
R1,139.69,-71.73,270.0,top
R10,141.09,-81.43,90.0,top
R11,145.2,-81.43,90.0,top
R12,149.73,-83.75,90.0,top
R13,152.86,-83.75,270.0,top
R14,116.55,-94.08,90.0,top
R15,114.09,-93.82,270.0,top
R16,115.21,-93.85,90.0,top
R2,145.09,-117.73,270.0,top
R20,170.8,-76.66,180.0,top
R21,175.94,-72.71,180.0,top
R22,175.94,-68.33,0.0,top
R23,158.03,-65.6475,270.0,top
R24,161.41,-65.66,270.0,top
R25,170.8,-78.36,180.0,top
R26,164.83,-65.66,270.0,top
R27,140.77,-135.77,270.0,top
R28,141.86,-135.77,270.0,top
R29,142.94,-135.77,270.0,top
R3,146.44,-117.75,90.0,top
R30,144.03,-135.77,270.0,top
R31,141.14,-120.64,180.0,top
R32,126.61,-131.99,90.0,top
R33,120.57,-130.85,0.0,top
R34,125.51,-131.96,270.0,top
R35,110.25,-131.23,180.0,top
R36,110.250001,-130.19,180.0,top
R37,127.71,-132.03,90.0,top
R38,164.44,-102.85,0.0,top
R39,129.92,-132.01,90.0,top
R40,128.78,-132.02,90.0,top
R41,153.24,-128.199699,180.0,top
R42,129.38,-96.92,270.0,top
R43,129.39,-99.32,270.0,top
R44,129.37,-101.89,90.0,top
R45,138.35,-109.87,45.0,top
R46,165.78,-92.02,0.0,top
R47,161.91,-77.63,180.0,top
R48,161.92,-80.9,180.0,top
R49,142.71,-107.76,180.0,top
R50,116.0,-72.94,270.0,top
R51,104.56,-92.81,270.0,top
R52,108.1,-92.81,270.0,top
R53,142.69,-106.64,180.0,top
R7,152.8,-68.25,270.0,top
R8,151.29,-83.75,270.0,top
R9,148.16,-83.75,90.0,top
S1,117.17,-145.09,180.0,top
STM32_USB1,150.0,-145.23,0.0,top
TH1,161.13,-49.53,90.0,top
U1,140.94863,-113.547968,45.0,top
U10,150.599748,-76.8772,90.0,top
U11,125.82,-109.5475,90.0,top
U12,130.25,-137.085,90.0,top
U13,150.26,-137.215,90.0,top
U14,125.435,-97.06,270.0,top
U2,152.98,-126.08,270.0,top
U3,146.52,-124.64,0.0,top
U4,146.3925,-128.94,0.0,top
U5,117.86,-113.71,0.0,top
U6,125.375,-87.18,0.0,top
U7,158.4075,-112.21,0.0,top
U8,114.99,-132.245,90.0,top
Y3,107.78,-133.36,0.0,top
